{
  "src/App.tsx": 1776843344.467674,
  "src/main.tsx": 1776843344.5121994,
  "src/vite-env.d.ts": 1776843344.5167353,
  "src/utils/seoEnhancer.ts": 1776843344.5166495,
  "src/integrations/supabase/types.ts": 1776843344.5119686,
  "src/integrations/supabase/client.ts": 1776843344.5118067,
  "src/components/ScrollToTop.tsx": 1776843344.505549,
  "src/components/SEOHead.tsx": 1776843344.5054705,
  "src/components/EnhancedSEOHead.tsx": 1776843344.5048904,
  "src/components/StructuredData.tsx": 1776843344.5058026,
  "src/components/TestimonialCard.tsx": 1776843344.5058851,
  "src/components/ScrollToTopButton.tsx": 1776843344.5056334,
  "src/components/StatCard.tsx": 1776843344.5057263,
  "src/components/CookieBanner.tsx": 1776843344.5048175,
  "src/components/Breadcrumbs.tsx": 1776843344.5044837,
  "src/components/NavLink.tsx": 1776843344.5053864,
  "src/components/FAQSection.tsx": 1776843344.5049748,
  "src/components/Footer.tsx": 1776843344.5051477,
  "src/components/Header.tsx": 1776843344.5053146,
  "src/components/ChatBot.tsx": 1776843344.5046616,
  "src/components/ui/aspect-ratio.tsx": 1776843344.5063145,
  "src/components/ui/alert-dialog.tsx": 1776843344.506166,
  "src/components/ui/pagination.tsx": 1776843344.5089588,
  "src/components/ui/tabs.tsx": 1776843344.5104184,
  "src/components/ui/card.tsx": 1776843344.5067785,
  "src/components/ui/slider.tsx": 1776843344.5100164,
  "src/components/ui/popover.tsx": 1776843344.5090392,
  "src/components/ui/progress.tsx": 1776843344.5091102,
  "src/components/ui/toaster.tsx": 1776843344.5107265,
  "src/components/ui/input-otp.tsx": 1776843344.5084195,
  "src/components/ui/chart.tsx": 1776843344.507114,
  "src/components/ui/hover-card.tsx": 1776843344.508338,
  "src/components/ui/sheet.tsx": 1776843344.5097287,
  "src/components/ui/scroll-area.tsx": 1776843344.509336,
  "src/components/ui/resizable.tsx": 1776843344.509255,
  "src/components/ui/label.tsx": 1776843344.5085685,
  "src/components/ui/sonner.tsx": 1776843344.510096,
  "src/components/ui/navigation-menu.tsx": 1776843344.5088823,
  "src/components/ui/accordion.tsx": 1776843344.5060093,
  "src/components/ui/drawer.tsx": 1776843344.508002,
  "src/components/ui/tooltip.tsx": 1776843344.510992,
  "src/components/ui/alert.tsx": 1776843344.5062447,
  "src/components/ui/use-toast.ts": 1776843344.511063,
  "src/components/ui/switch.tsx": 1776843344.5101743,
  "src/components/ui/calendar.tsx": 1776843344.5067017,
  "src/components/ui/breadcrumb.tsx": 1776843344.5065382,
  "src/components/ui/radio-group.tsx": 1776843344.5091805,
  "src/components/ui/command.tsx": 1776843344.5076814,
  "src/components/ui/toggle-group.tsx": 1776843344.5108142,
  "src/components/ui/avatar.tsx": 1776843344.506388,
  "src/components/ui/menubar.tsx": 1776843344.5087252,
  "src/components/ui/dialog.tsx": 1776843344.5079184,
  "src/components/ui/badge.tsx": 1776843344.506463,
  "src/components/ui/sidebar.tsx": 1776843344.5098333,
  "src/components/ui/table.tsx": 1776843344.5103455,
  "src/components/ui/separator.tsx": 1776843344.5095685,
  "src/components/ui/button.tsx": 1776843344.5066206,
  "src/components/ui/toggle.tsx": 1776843344.5109055,
  "src/components/ui/toast.tsx": 1776843344.5106447,
  "src/components/ui/checkbox.tsx": 1776843344.507447,
  "src/components/ui/collapsible.tsx": 1776843344.5075264,
  "src/components/ui/dropdown-menu.tsx": 1776843344.5081723,
  "src/components/ui/select.tsx": 1776843344.5094917,
  "src/components/ui/textarea.tsx": 1776843344.5104887,
  "src/components/ui/input.tsx": 1776843344.5084949,
  "src/components/ui/skeleton.tsx": 1776843344.509927,
  "src/components/ui/context-menu.tsx": 1776843344.5078325,
  "src/components/ui/form.tsx": 1776843344.5082552,
  "src/components/ui/carousel.tsx": 1776843344.506944,
  "src/hooks/use-mobile.tsx": 1776843344.511191,
  "src/hooks/useBlogArticles.ts": 1776843344.5113645,
  "src/hooks/use-toast.ts": 1776843344.5112772,
  "src/hooks/usePrefetchBlog.ts": 1776843344.5114512,
  "src/lib/utils.ts": 1776843344.512117,
  "src/pages/Confidentialite.tsx": 1776843344.5131235,
  "src/pages/Index.tsx": 1777018979.119625,
  "src/pages/BlogArticle.tsx": 1776843344.512752,
  "src/pages/LivreEntrepreneuriat.tsx": 1776843344.5141473,
  "src/pages/NiteoToulouse.tsx": 1776843344.5146487,
  "src/pages/NiteoCandidature.tsx": 1776843344.5145304,
  "src/pages/Contact.tsx": 1776843344.5133073,
  "src/pages/Croissance.tsx": 1776843344.513447,
  "src/pages/EngagementRSE.tsx": 1776843344.513752,
  "src/pages/Blog.tsx": 1776843344.512573,
  "src/pages/Healthz.tsx": 1776843344.5138693,
  "src/pages/OffreIA.tsx": 1776843344.5149388,
  "src/pages/CGU.tsx": 1776843344.5129602,
  "src/pages/Education.tsx": 1776843344.5135999,
  "src/pages/MentionsLegales.tsx": 1776843344.5143402,
  "src/pages/NotFound.tsx": 1776843344.5147517,
  "src/pages/About.tsx": 1776843344.5123756,
  "src/pages/mag/EntrepreneuriatSocialFrancophonie.tsx": 1776843344.5161166,
  "src/pages/mag/InnovationPedagogiqueEntrepreneuriat.tsx": 1776843344.5164027,
  "src/pages/mag/ImpactMesureStartup.tsx": 1776843344.5162618,
  "src/pages/ecoles/DiagnosticGratuit.tsx": 1776843344.515181,
  "src/pages/ecoles/TransformationEntrepreneuriale.tsx": 1776843344.5153816,
  "src/pages/entrepreneurs/TestMaturiteProjet.tsx": 1776843344.515931,
  "src/pages/entrepreneurs/AccompagnementFrancophonie.tsx": 1776843344.515553,
  "src/pages/entrepreneurs/MentoratIndividuel.tsx": 1776843344.5157456,
  "src/assets/entreprises-engagent.png": 1776843344.4705153,
  "src/assets/ylook-programme.jpg": 1776843344.5043325,
  "src/assets/neo-entrepreneur-elite.png": 1776843344.4868672,
  "src/assets/iscom-startup-challenge.jpeg": 1776843344.4837654,
  "src/assets/accompagnement-etudiant.png": 1776843344.4689322,
  "src/assets/logo.png": 1776843344.485157,
  "src/assets/francophonie-scientifique.png": 1776843344.4715667,
  "src/assets/impact-score-79.png": 1776843344.4774704,
  "src/assets/fresque-doctorant.png": 1776843344.4771595,
  "src/assets/certifications-footer.png": 1776843344.4700172,
  "src/assets/fresque-1.png": 1776843344.472608,
  "src/assets/fresque-3.png": 1776843344.4747887,
  "src/assets/fresque-2.png": 1776843344.4737053,
  "src/assets/livre-blanc-cover.png": 1776843344.4846256,
  "src/assets/atelier-rose.png": 1776843344.4698389,
  "src/assets/niteo/jean-baptiste-prost.jpeg": 1776843344.4891243,
  "src/assets/niteo/logo-niteo-2026.png": 1776843344.4895124,
  "src/assets/niteo/bertrand-serp.png": 1776843344.4883249,
  "src/assets/niteo/abdallah-hassani.jpeg": 1776843344.487157,
  "src/assets/niteo/moovjee-logo.png": 1776843344.490162,
  "src/assets/niteo/toulouse-way.png": 1776843344.4916663,
  "src/assets/niteo/ludovic-de-gromard.jpeg": 1776843344.4899547,
  "src/assets/niteo/benjamin-lebailly.jpeg": 1776843344.4877727,
  "src/assets/niteo/roselab.png": 1776843344.490719,
  "src/assets/niteo/venture.png": 1776843344.4918475,
  "src/assets/niteo/frederique-bertelet.jpeg": 1776843344.4888487,
  "src/assets/niteo/aymane-abdennour.jpeg": 1776843344.4874232,
  "src/assets/niteo/jean-jodeau.jpeg": 1776843344.4892573,
  "src/assets/niteo/anne-sophie.jpeg": 1776843344.4872918,
  "src/assets/niteo/logo-niteo.png": 1776843344.4897742,
  "src/assets/niteo/sebastien.jpg": 1776843344.4908502,
  "src/assets/niteo/bdd-logo.png": 1776843344.4876392,
  "src/assets/niteo/claire-virazels.jpeg": 1776843344.4886746,
  "src/assets/niteo/touleco.png": 1776843344.4910455,
  "src/assets/niteo/pascal-david.jpeg": 1776843344.490334,
  "src/assets/niteo/geraldin-lecaer.jpeg": 1776843344.4889858,
  "src/assets/niteo/christian-turpaud.jpeg": 1776843344.4885013,
  "src/assets/team/alexis-janicot.png": 1776843344.5019906,
  "src/assets/team/aymane-abdennour.png": 1776843344.502137,
  "src/assets/team/alain-janicot.png": 1776843344.5017443,
  "src/assets/team/diane-moulins.png": 1776843344.5023172,
  "src/assets/team/frederique-bertelet.png": 1776843344.502494,
  "src/assets/team/romeo-masip.png": 1776843344.5034316,